conf_id,person_model,station_model,person_conf,person_iou,imgsz,tracker,PROXIMITY_THRESHOLD,MIN_TIME_OUTSIDE,video,complejo,evasion_pred_count,evasion_real_count,evasion_real,evasion_pred,case1_count,case2_count
config_1,yolo_models/yolo11tm.pt,station_models/stationv2.pt,0.35,0.4,1920,trackers/bytetrack.yaml,150,1,Ch1_20181120175301-09.mkv,NO,2,2,SI,SI,0,2
config_1,yolo_models/yolo11tm.pt,station_models/stationv2.pt,0.35,0.4,1920,trackers/bytetrack.yaml,150,1,Ch1_20181022202555-01.mkv,NO,0,1,SI,NO,0,0
config_1,yolo_models/yolo11tm.pt,station_models/stationv2.pt,0.35,0.4,1920,trackers/bytetrack.yaml,150,1,Ch1_20181120192300-01.mkv,NO,1,1,SI,SI,1,0
config_1,yolo_models/yolo11tm.pt,station_models/stationv2.pt,0.35,0.4,1920,trackers/bytetrack.yaml,150,1,Ch1_20181118165812-04.mkv,NO,1,0,NO,SI,0,1
config_1,yolo_models/yolo11tm.pt,station_models/stationv2.pt,0.35,0.4,1920,trackers/bytetrack.yaml,150,1,Ch2_20181020142353-00.mkv,NO,1,1,SI,SI,0,1
config_1,yolo_models/yolo11tm.pt,station_models/stationv2.pt,0.35,0.4,1920,trackers/bytetrack.yaml,150,1,Ch2_20181118132051-01.mkv,NO,3,2,SI,SI,0,3
config_1,yolo_models/yolo11tm.pt,station_models/stationv2.pt,0.35,0.4,1920,trackers/bytetrack.yaml,150,1,Ch2_20181118181010-04.mkv,NO,2,2,SI,SI,0,2
config_1,yolo_models/yolo11tm.pt,station_models/stationv2.pt,0.35,0.4,1920,trackers/bytetrack.yaml,150,1,Ch1_20181120194059-06.mkv,YES,1,1,SI,SI,0,1
config_1,yolo_models/yolo11tm.pt,station_models/stationv2.pt,0.35,0.4,1920,trackers/bytetrack.yaml,150,1,Ch2_20181120135734-01.mkv,NO,0,0,NO,NO,0,0
config_1,yolo_models/yolo11tm.pt,station_models/stationv2.pt,0.35,0.4,1920,trackers/bytetrack.yaml,150,1,Ch2_20181120084954-00.mkv,NO,0,2,SI,NO,0,0
config_1,yolo_models/yolo11tm.pt,station_models/stationv2.pt,0.35,0.4,1920,trackers/bytetrack.yaml,150,1,Ch1_20181022210153-00.mkv,NO,1,1,SI,SI,0,1
config_1,yolo_models/yolo11tm.pt,station_models/stationv2.pt,0.35,0.4,1920,trackers/bytetrack.yaml,150,1,Ch2_20181020072737-00.mkv,NO,0,0,NO,NO,0,0
config_1,yolo_models/yolo11tm.pt,station_models/stationv2.pt,0.35,0.4,1920,trackers/bytetrack.yaml,150,1,Ch1_20181023064348-02.mkv,NO,2,1,SI,SI,0,2
config_1,yolo_models/yolo11tm.pt,station_models/stationv2.pt,0.35,0.4,1920,trackers/bytetrack.yaml,150,1,Ch2_20181019135619-00.mkv,NO,0,0,NO,NO,0,0
config_1,yolo_models/yolo11tm.pt,station_models/stationv2.pt,0.35,0.4,1920,trackers/bytetrack.yaml,150,1,Ch2_20181118162149-04.mkv,NO,4,3,SI,SI,0,4
config_1,yolo_models/yolo11tm.pt,station_models/stationv2.pt,0.35,0.4,1920,trackers/bytetrack.yaml,150,1,Ch2_20181118070029-03.mkv,NO,0,1,SI,NO,0,0
config_1,yolo_models/yolo11tm.pt,station_models/stationv2.pt,0.35,0.4,1920,trackers/bytetrack.yaml,150,1,Ch2_20181119063353-00.mkv,YES,1,1,SI,SI,0,1
config_1,yolo_models/yolo11tm.pt,station_models/stationv2.pt,0.35,0.4,1920,trackers/bytetrack.yaml,150,1,Ch1_20181118164005-02.mkv,NO,2,2,SI,SI,1,1
config_1,yolo_models/yolo11tm.pt,station_models/stationv2.pt,0.35,0.4,1920,trackers/bytetrack.yaml,150,1,Ch2_20181119161256-01.mkv,YES,1,1,SI,SI,0,1
config_1,yolo_models/yolo11tm.pt,station_models/stationv2.pt,0.35,0.4,1920,trackers/bytetrack.yaml,150,1,Ch1_20181119055740-04.mkv,NO,0,1,SI,NO,0,0
config_1,yolo_models/yolo11tm.pt,station_models/stationv2.pt,0.35,0.4,1920,trackers/bytetrack.yaml,150,1,Ch1_20181118162137-00.mkv,NO,0,0,NO,NO,0,0
config_1,yolo_models/yolo11tm.pt,station_models/stationv2.pt,0.35,0.4,1920,trackers/bytetrack.yaml,150,1,Ch1_20181118173422-01.mkv,YES,1,2,SI,SI,1,0
config_1,yolo_models/yolo11tm.pt,station_models/stationv2.pt,0.35,0.4,1920,trackers/bytetrack.yaml,150,1,Ch1_20181120062525-00.mkv,NO,2,2,SI,SI,0,2
config_1,yolo_models/yolo11tm.pt,station_models/stationv2.pt,0.35,0.4,1920,trackers/bytetrack.yaml,150,1,Ch1_20181120165848-03.mkv,NO,2,2,SI,SI,0,2
config_1,yolo_models/yolo11tm.pt,station_models/stationv2.pt,0.35,0.4,1920,trackers/bytetrack.yaml,150,1,Ch1_20181118164005-04.mkv,NO,1,1,SI,SI,1,0
config_1,yolo_models/yolo11tm.pt,station_models/stationv2.pt,0.35,0.4,1920,trackers/bytetrack.yaml,150,1,Ch2_20181019103718-04.mkv,YES,0,0,NO,NO,0,0
config_1,yolo_models/yolo11tm.pt,station_models/stationv2.pt,0.35,0.4,1920,trackers/bytetrack.yaml,150,1,Ch1_20181118162137-01.mkv,NO,1,2,SI,SI,0,1
config_1,yolo_models/yolo11tm.pt,station_models/stationv2.pt,0.35,0.4,1920,trackers/bytetrack.yaml,150,1,Ch2_20181118124440-01.mkv,NO,1,2,SI,SI,0,1
config_1,yolo_models/yolo11tm.pt,station_models/stationv2.pt,0.35,0.4,1920,trackers/bytetrack.yaml,150,1,Ch1_20181024071125-01.mkv,NO,3,2,SI,SI,1,2
config_1,yolo_models/yolo11tm.pt,station_models/stationv2.pt,0.35,0.4,1920,trackers/bytetrack.yaml,150,1,Ch1_20181118165748-02.mkv,NO,3,1,SI,SI,0,3
config_1,yolo_models/yolo11tm.pt,station_models/stationv2.pt,0.35,0.4,1920,trackers/bytetrack.yaml,150,1,Ch2_20181118111409-03.mkv,NO,0,0,NO,NO,0,0
config_1,yolo_models/yolo11tm.pt,station_models/stationv2.pt,0.35,0.4,1920,trackers/bytetrack.yaml,150,1,Ch1_20181120192300-08.mkv,NO,3,3,SI,SI,1,2
config_1,yolo_models/yolo11tm.pt,station_models/stationv2.pt,0.35,0.4,1920,trackers/bytetrack.yaml,150,1,Ch1_20181023194106-01.mkv,NO,0,0,NO,NO,0,0
config_1,yolo_models/yolo11tm.pt,station_models/stationv2.pt,0.35,0.4,1920,trackers/bytetrack.yaml,150,1,Ch2_20181119161256-03.mkv,NO,0,0,NO,NO,0,0
config_1,yolo_models/yolo11tm.pt,station_models/stationv2.pt,0.35,0.4,1920,trackers/bytetrack.yaml,150,1,Ch1_20181120175301-08.mkv,NO,1,1,SI,SI,0,1
config_1,yolo_models/yolo11tm.pt,station_models/stationv2.pt,0.35,0.4,1920,trackers/bytetrack.yaml,150,1,Ch2_20181118190343-07.mkv,NO,0,1,SI,NO,0,0
config_1,yolo_models/yolo11tm.pt,station_models/stationv2.pt,0.35,0.4,1920,trackers/bytetrack.yaml,150,1,Ch1_20181118113225-01.mkv,NO,0,0,NO,NO,0,0
config_1,yolo_models/yolo11tm.pt,station_models/stationv2.pt,0.35,0.4,1920,trackers/bytetrack.yaml,150,1,Ch1_20181119061545-03.mkv,NO,0,0,NO,NO,0,0
config_1,yolo_models/yolo11tm.pt,station_models/stationv2.pt,0.35,0.4,1920,trackers/bytetrack.yaml,150,1,Ch2_20181019135619-01.mkv,NO,0,0,NO,NO,0,0
config_1,yolo_models/yolo11tm.pt,station_models/stationv2.pt,0.35,0.4,1920,trackers/bytetrack.yaml,150,1,Ch1_20181118133847-04.mkv,NO,0,0,NO,NO,0,0
config_1,yolo_models/yolo11tm.pt,station_models/stationv2.pt,0.35,0.4,1920,trackers/bytetrack.yaml,150,1,Ch1_20181119121740-00.mkv,NO,0,0,NO,NO,0,0
config_1,yolo_models/yolo11tm.pt,station_models/stationv2.pt,0.35,0.4,1920,trackers/bytetrack.yaml,150,1,Ch1_20181118150915-02.mkv,NO,0,0,NO,NO,0,0
config_1,yolo_models/yolo11tm.pt,station_models/stationv2.pt,0.35,0.4,1920,trackers/bytetrack.yaml,150,1,Ch2_20181118181010-12.mkv,NO,5,3,SI,SI,0,5
config_1,yolo_models/yolo11tm.pt,station_models/stationv2.pt,0.35,0.4,1920,trackers/bytetrack.yaml,150,1,Ch2_20181020091612-00.mkv,NO,0,0,NO,NO,0,0
config_1,yolo_models/yolo11tm.pt,station_models/stationv2.pt,0.35,0.4,1920,trackers/bytetrack.yaml,150,1,Ch1_20181118150915-03.mkv,NO,1,0,NO,SI,1,0
config_1,yolo_models/yolo11tm.pt,station_models/stationv2.pt,0.35,0.4,1920,trackers/bytetrack.yaml,150,1,Ch1_20181118053021-02.mkv,NO,0,0,NO,NO,0,0
config_1,yolo_models/yolo11tm.pt,station_models/stationv2.pt,0.35,0.4,1920,trackers/bytetrack.yaml,150,1,Ch2_20181119161256-00.mkv,NO,3,3,SI,SI,0,3
config_1,yolo_models/yolo11tm.pt,station_models/stationv2.pt,0.35,0.4,1920,trackers/bytetrack.yaml,150,1,Ch1_20181118113207-00.mkv,NO,1,1,SI,SI,1,0
config_1,yolo_models/yolo11tm.pt,station_models/stationv2.pt,0.35,0.4,1920,trackers/bytetrack.yaml,150,1,Ch2_20181118060631-02.mkv,NO,2,1,SI,SI,1,1
config_1,yolo_models/yolo11tm.pt,station_models/stationv2.pt,0.35,0.4,1920,trackers/bytetrack.yaml,150,1,Ch2_20181118184607-09.mkv,YES,0,1,SI,NO,0,0
config_1,yolo_models/yolo11tm.pt,station_models/stationv2.pt,0.35,0.4,1920,trackers/bytetrack.yaml,150,1,Ch2_20181118173410-02.mkv,NO,1,1,SI,SI,0,1
config_1,yolo_models/yolo11tm.pt,station_models/stationv2.pt,0.35,0.4,1920,trackers/bytetrack.yaml,150,1,Ch2_20181118163954-04.mkv,NO,1,1,SI,SI,0,1
config_1,yolo_models/yolo11tm.pt,station_models/stationv2.pt,0.35,0.4,1920,trackers/bytetrack.yaml,150,1,Ch2_20181023113312-01.mkv,NO,1,2,SI,SI,1,0
config_1,yolo_models/yolo11tm.pt,station_models/stationv2.pt,0.35,0.4,1920,trackers/bytetrack.yaml,150,1,Ch1_20181118143304-01.mkv,NO,1,0,NO,SI,1,0
config_1,yolo_models/yolo11tm.pt,station_models/stationv2.pt,0.35,0.4,1920,trackers/bytetrack.yaml,150,1,Ch1_20181118122625-02.mkv,NO,2,2,SI,SI,0,2
config_1,yolo_models/yolo11tm.pt,station_models/stationv2.pt,0.35,0.4,1920,trackers/bytetrack.yaml,150,1,Ch1_20181118173422-03.mkv,NO,1,2,SI,SI,1,0
config_1,yolo_models/yolo11tm.pt,station_models/stationv2.pt,0.35,0.4,1920,trackers/bytetrack.yaml,150,1,Ch2_20181118071835-02.mkv,NO,0,0,NO,NO,0,0
config_1,yolo_models/yolo11tm.pt,station_models/stationv2.pt,0.35,0.4,1920,trackers/bytetrack.yaml,150,1,Ch1_20181119084029-00.mkv,NO,0,0,NO,NO,0,0
config_1,yolo_models/yolo11tm.pt,station_models/stationv2.pt,0.35,0.4,1920,trackers/bytetrack.yaml,150,1,Ch2_20181120092609-02.mkv,NO,1,2,SI,SI,0,1
config_1,yolo_models/yolo11tm.pt,station_models/stationv2.pt,0.35,0.4,1920,trackers/bytetrack.yaml,150,1,Ch2_20181119163101-00.mkv,NO,0,0,NO,NO,0,0
config_1,yolo_models/yolo11tm.pt,station_models/stationv2.pt,0.35,0.4,1920,trackers/bytetrack.yaml,150,1,Ch1_20181119085835-03.mkv,YES,2,1,SI,SI,0,2
config_1,yolo_models/yolo11tm.pt,station_models/stationv2.pt,0.35,0.4,1920,trackers/bytetrack.yaml,150,1,Ch2_20181020084001-03.mkv,NO,0,0,NO,NO,0,0
config_1,yolo_models/yolo11tm.pt,station_models/stationv2.pt,0.35,0.4,1920,trackers/bytetrack.yaml,150,1,Ch1_20181118084933-00.mkv,NO,0,0,NO,NO,0,0
config_1,yolo_models/yolo11tm.pt,station_models/stationv2.pt,0.35,0.4,1920,trackers/bytetrack.yaml,150,1,Ch1_20181120184700-02.mkv,NO,1,1,SI,SI,0,1
config_1,yolo_models/yolo11tm.pt,station_models/stationv2.pt,0.35,0.4,1920,trackers/bytetrack.yaml,150,1,Ch2_20181118081251-02.mkv,NO,1,1,SI,SI,0,1
config_1,yolo_models/yolo11tm.pt,station_models/stationv2.pt,0.35,0.4,1920,trackers/bytetrack.yaml,150,1,Ch1_20181022200756-04.mkv,NO,0,0,NO,NO,0,0
config_1,yolo_models/yolo11tm.pt,station_models/stationv2.pt,0.35,0.4,1920,trackers/bytetrack.yaml,150,1,Ch2_20181118175209-04.mkv,YES,0,0,NO,NO,0,0
config_1,yolo_models/yolo11tm.pt,station_models/stationv2.pt,0.35,0.4,1920,trackers/bytetrack.yaml,150,1,Ch1_20181023073805-01.mkv,NO,2,1,SI,SI,1,1
config_1,yolo_models/yolo11tm.pt,station_models/stationv2.pt,0.35,0.4,1920,trackers/bytetrack.yaml,150,1,Ch2_20181020070932-00.mkv,NO,0,0,NO,NO,0,0
config_1,yolo_models/yolo11tm.pt,station_models/stationv2.pt,0.35,0.4,1920,trackers/bytetrack.yaml,150,1,Ch1_20181118175221-03.mkv,NO,1,1,SI,SI,0,1
config_1,yolo_models/yolo11tm.pt,station_models/stationv2.pt,0.35,0.4,1920,trackers/bytetrack.yaml,150,1,Ch2_20181023194104-00.mkv,NO,1,2,SI,SI,0,1
config_1,yolo_models/yolo11tm.pt,station_models/stationv2.pt,0.35,0.4,1920,trackers/bytetrack.yaml,150,1,Ch1_20181118193953-00.mkv,NO,2,1,SI,SI,0,2
config_1,yolo_models/yolo11tm.pt,station_models/stationv2.pt,0.35,0.4,1920,trackers/bytetrack.yaml,150,1,Ch2_20181120071920-01.mkv,NO,1,1,SI,SI,1,0
config_1,yolo_models/yolo11tm.pt,station_models/stationv2.pt,0.35,0.4,1920,trackers/bytetrack.yaml,150,1,Ch1_20181019081232-00.mkv,NO,2,1,SI,SI,1,1
config_1,yolo_models/yolo11tm.pt,station_models/stationv2.pt,0.35,0.4,1920,trackers/bytetrack.yaml,150,1,Ch2_20181120071920-03.mkv,NO,1,3,SI,SI,1,0
config_1,yolo_models/yolo11tm.pt,station_models/stationv2.pt,0.35,0.4,1920,trackers/bytetrack.yaml,150,1,Ch1_20181118171618-05.mkv,NO,2,2,SI,SI,1,1
config_1,yolo_models/yolo11tm.pt,station_models/stationv2.pt,0.35,0.4,1920,trackers/bytetrack.yaml,150,1,Ch1_20181118175157-05.mkv,NO,2,0,NO,SI,0,2
config_1,yolo_models/yolo11tm.pt,station_models/stationv2.pt,0.35,0.4,1920,trackers/bytetrack.yaml,150,1,Ch1_20181118201555-03.mkv,NO,0,0,NO,NO,0,0
config_1,yolo_models/yolo11tm.pt,station_models/stationv2.pt,0.35,0.4,1920,trackers/bytetrack.yaml,150,1,Ch1_20181118054821-01.mkv,NO,0,0,NO,NO,0,0
config_1,yolo_models/yolo11tm.pt,station_models/stationv2.pt,0.35,0.4,1920,trackers/bytetrack.yaml,150,1,Ch2_20181023102050-00.mkv,NO,1,2,SI,SI,1,0
config_1,yolo_models/yolo11tm.pt,station_models/stationv2.pt,0.35,0.4,1920,trackers/bytetrack.yaml,150,1,Ch2_20181118160343-06.mkv,YES,5,5,SI,SI,1,4
config_1,yolo_models/yolo11tm.pt,station_models/stationv2.pt,0.35,0.4,1920,trackers/bytetrack.yaml,150,1,Ch2_20181120071920-02.mkv,NO,1,1,SI,SI,0,1
config_1,yolo_models/yolo11tm.pt,station_models/stationv2.pt,0.35,0.4,1920,trackers/bytetrack.yaml,150,1,Ch2_20181118122633-05.mkv,NO,0,0,NO,NO,0,0
config_1,yolo_models/yolo11tm.pt,station_models/stationv2.pt,0.35,0.4,1920,trackers/bytetrack.yaml,150,1,Ch1_20181118152720-00.mkv,NO,1,2,SI,SI,0,1
config_1,yolo_models/yolo11tm.pt,station_models/stationv2.pt,0.35,0.4,1920,trackers/bytetrack.yaml,150,1,Ch1_20181118163943-00.mkv,NO,0,0,NO,NO,0,0
config_1,yolo_models/yolo11tm.pt,station_models/stationv2.pt,0.35,0.4,1920,trackers/bytetrack.yaml,150,1,Ch1_20181120171656-03.mkv,YES,2,3,SI,SI,1,1
config_1,yolo_models/yolo11tm.pt,station_models/stationv2.pt,0.35,0.4,1920,trackers/bytetrack.yaml,150,1,Ch1_20181118164005-01.mkv,YES,1,1,SI,SI,0,1
config_1,yolo_models/yolo11tm.pt,station_models/stationv2.pt,0.35,0.4,1920,trackers/bytetrack.yaml,150,1,Ch1_20181118130236-00.mkv,NO,0,0,NO,NO,0,0
config_1,yolo_models/yolo11tm.pt,station_models/stationv2.pt,0.35,0.4,1920,trackers/bytetrack.yaml,150,1,Ch1_20181121065255-03.mkv,NO,2,0,NO,SI,1,1
config_1,yolo_models/yolo11tm.pt,station_models/stationv2.pt,0.35,0.4,1920,trackers/bytetrack.yaml,150,1,Ch1_20181118175221-05.mkv,YES,1,0,NO,SI,0,1
config_1,yolo_models/yolo11tm.pt,station_models/stationv2.pt,0.35,0.4,1920,trackers/bytetrack.yaml,150,1,Ch1_20181119085835-02.mkv,NO,5,5,SI,SI,0,5
config_1,yolo_models/yolo11tm.pt,station_models/stationv2.pt,0.35,0.4,1920,trackers/bytetrack.yaml,150,1,Ch1_20181119121740-01.mkv,NO,1,1,SI,SI,1,0
config_1,yolo_models/yolo11tm.pt,station_models/stationv2.pt,0.35,0.4,1920,trackers/bytetrack.yaml,150,1,Ch1_20181118060627-00.mkv,NO,0,0,NO,NO,0,0
config_1,yolo_models/yolo11tm.pt,station_models/stationv2.pt,0.35,0.4,1920,trackers/bytetrack.yaml,150,1,Ch1_20181118053021-00.mkv,NO,1,1,SI,SI,0,1
config_1,yolo_models/yolo11tm.pt,station_models/stationv2.pt,0.35,0.4,1920,trackers/bytetrack.yaml,150,1,Ch2_20181019062355-01.mkv,NO,1,0,NO,SI,0,1
config_1,yolo_models/yolo11tm.pt,station_models/stationv2.pt,0.35,0.4,1920,trackers/bytetrack.yaml,150,1,Ch2_20181118071855-02.mkv,NO,1,0,NO,SI,0,1
config_1,yolo_models/yolo11tm.pt,station_models/stationv2.pt,0.35,0.4,1920,trackers/bytetrack.yaml,150,1,Ch2_20181118181010-02.mkv,NO,6,4,SI,SI,1,5
config_1,yolo_models/yolo11tm.pt,station_models/stationv2.pt,0.35,0.4,1920,trackers/bytetrack.yaml,150,1,Ch1_20181119082224-01.mkv,NO,1,1,SI,SI,0,1
config_1,yolo_models/yolo11tm.pt,station_models/stationv2.pt,0.35,0.4,1920,trackers/bytetrack.yaml,150,1,Ch2_20181019193929-00.mkv,NO,1,1,SI,SI,0,1
config_1,yolo_models/yolo11tm.pt,station_models/stationv2.pt,0.35,0.4,1920,trackers/bytetrack.yaml,150,1,Ch1_20181118054821-02.mkv,NO,0,0,NO,NO,0,0
config_1,yolo_models/yolo11tm.pt,station_models/stationv2.pt,0.35,0.4,1920,trackers/bytetrack.yaml,150,1,Ch1_20181120175301-12.mkv,NO,1,1,SI,SI,0,1
config_1,yolo_models/yolo11tm.pt,station_models/stationv2.pt,0.35,0.4,1920,trackers/bytetrack.yaml,150,1,Ch1_20181118060627-01.mkv,NO,1,0,NO,SI,0,1
config_1,yolo_models/yolo11tm.pt,station_models/stationv2.pt,0.35,0.4,1920,trackers/bytetrack.yaml,150,1,Ch1_20181023070154-02.mkv,NO,1,0,NO,SI,0,1
config_1,yolo_models/yolo11tm.pt,station_models/stationv2.pt,0.35,0.4,1920,trackers/bytetrack.yaml,150,1,Ch1_20181119180120-00.mkv,YES,3,3,SI,SI,0,3
config_1,yolo_models/yolo11tm.pt,station_models/stationv2.pt,0.35,0.4,1920,trackers/bytetrack.yaml,150,1,Ch1_20181118165812-03.mkv,NO,7,6,SI,SI,0,7
config_1,yolo_models/yolo11tm.pt,station_models/stationv2.pt,0.35,0.4,1920,trackers/bytetrack.yaml,150,1,Ch2_20181118060613-01.mkv,NO,0,1,SI,NO,0,0
config_1,yolo_models/yolo11tm.pt,station_models/stationv2.pt,0.35,0.4,1920,trackers/bytetrack.yaml,150,1,Ch2_20181023105701-00.mkv,NO,0,1,SI,NO,0,0
config_1,yolo_models/yolo11tm.pt,station_models/stationv2.pt,0.35,0.4,1920,trackers/bytetrack.yaml,150,1,Ch2_20181118115020-02.mkv,NO,0,0,NO,NO,0,0
config_1,yolo_models/yolo11tm.pt,station_models/stationv2.pt,0.35,0.4,1920,trackers/bytetrack.yaml,150,1,Ch1_20181120192300-03.mkv,NO,1,1,SI,SI,1,0
config_1,yolo_models/yolo11tm.pt,station_models/stationv2.pt,0.35,0.4,1920,trackers/bytetrack.yaml,150,1,Ch2_20181118060613-04.mkv,NO,0,0,NO,NO,0,0
config_1,yolo_models/yolo11tm.pt,station_models/stationv2.pt,0.35,0.4,1920,trackers/bytetrack.yaml,150,1,Ch1_20181019160306-00.mkv,NO,1,2,SI,SI,0,1
config_1,yolo_models/yolo11tm.pt,station_models/stationv2.pt,0.35,0.4,1920,trackers/bytetrack.yaml,150,1,Ch2_20181118130246-03.mkv,NO,2,2,SI,SI,0,2
config_1,yolo_models/yolo11tm.pt,station_models/stationv2.pt,0.35,0.4,1920,trackers/bytetrack.yaml,150,1,Ch1_20181118220353-00.mkv,NO,1,0,NO,SI,0,1
config_1,yolo_models/yolo11tm.pt,station_models/stationv2.pt,0.35,0.4,1920,trackers/bytetrack.yaml,150,1,Ch1_20181024044652-01.mkv,NO,0,1,SI,NO,0,0
config_1,yolo_models/yolo11tm.pt,station_models/stationv2.pt,0.35,0.4,1920,trackers/bytetrack.yaml,150,1,Ch1_20181118182755-01.mkv,NO,1,2,SI,SI,0,1
config_1,yolo_models/yolo11tm.pt,station_models/stationv2.pt,0.35,0.4,1920,trackers/bytetrack.yaml,150,1,Ch1_20181024063514-00.mkv,YES,7,6,SI,SI,0,7
config_1,yolo_models/yolo11tm.pt,station_models/stationv2.pt,0.35,0.4,1920,trackers/bytetrack.yaml,150,1,Ch1_20181119174321-06.mkv,NO,1,2,SI,SI,0,1
config_1,yolo_models/yolo11tm.pt,station_models/stationv2.pt,0.35,0.4,1920,trackers/bytetrack.yaml,150,1,Ch1_20181118133847-03.mkv,NO,1,1,SI,SI,0,1
config_1,yolo_models/yolo11tm.pt,station_models/stationv2.pt,0.35,0.4,1920,trackers/bytetrack.yaml,150,1,Ch1_20181120175301-10.mkv,NO,2,3,SI,SI,0,2
config_1,yolo_models/yolo11tm.pt,station_models/stationv2.pt,0.35,0.4,1920,trackers/bytetrack.yaml,150,1,Ch1_20181118173422-02.mkv,NO,5,4,SI,SI,2,3
config_1,yolo_models/yolo11tm.pt,station_models/stationv2.pt,0.35,0.4,1920,trackers/bytetrack.yaml,150,1,Ch2_20181019193929-03.mkv,NO,0,0,NO,NO,0,0
config_1,yolo_models/yolo11tm.pt,station_models/stationv2.pt,0.35,0.4,1920,trackers/bytetrack.yaml,150,1,Ch2_20181120133926-00.mkv,NO,5,6,SI,SI,0,5
config_1,yolo_models/yolo11tm.pt,station_models/stationv2.pt,0.35,0.4,1920,trackers/bytetrack.yaml,150,1,Ch2_20181019064200-03.mkv,NO,1,1,SI,SI,0,1
config_1,yolo_models/yolo11tm.pt,station_models/stationv2.pt,0.35,0.4,1920,trackers/bytetrack.yaml,150,1,Ch1_20181023094445-00.mkv,NO,1,1,SI,SI,0,1
config_1,yolo_models/yolo11tm.pt,station_models/stationv2.pt,0.35,0.4,1920,trackers/bytetrack.yaml,150,1,Ch2_20181020215451-00.mkv,NO,1,2,SI,SI,0,1
config_1,yolo_models/yolo11tm.pt,station_models/stationv2.pt,0.35,0.4,1920,trackers/bytetrack.yaml,150,1,Ch2_20181118184542-08.mkv,NO,0,2,SI,NO,0,0
config_1,yolo_models/yolo11tm.pt,station_models/stationv2.pt,0.35,0.4,1920,trackers/bytetrack.yaml,150,1,Ch2_20181019064200-01.mkv,NO,0,0,NO,NO,0,0
config_1,yolo_models/yolo11tm.pt,station_models/stationv2.pt,0.35,0.4,1920,trackers/bytetrack.yaml,150,1,Ch1_20181119181919-00.mkv,NO,2,2,SI,SI,1,1
config_1,yolo_models/yolo11tm.pt,station_models/stationv2.pt,0.35,0.4,1920,trackers/bytetrack.yaml,150,1,Ch1_20181118075516-01.mkv,NO,3,3,SI,SI,2,1
config_1,yolo_models/yolo11tm.pt,station_models/stationv2.pt,0.35,0.4,1920,trackers/bytetrack.yaml,150,1,Ch2_20181118192142-10.mkv,NO,0,1,SI,NO,0,0
config_1,yolo_models/yolo11tm.pt,station_models/stationv2.pt,0.35,0.4,1920,trackers/bytetrack.yaml,150,1,Ch1_20181024140738-00.mkv,NO,1,1,SI,SI,0,1
config_1,yolo_models/yolo11tm.pt,station_models/stationv2.pt,0.35,0.4,1920,trackers/bytetrack.yaml,150,1,Ch2_20181118062436-02.mkv,NO,2,1,SI,SI,0,2
config_1,yolo_models/yolo11tm.pt,station_models/stationv2.pt,0.35,0.4,1920,trackers/bytetrack.yaml,150,1,Ch2_20181118130246-00.mkv,NO,3,1,SI,SI,1,2
config_1,yolo_models/yolo11tm.pt,station_models/stationv2.pt,0.35,0.4,1920,trackers/bytetrack.yaml,150,1,Ch1_20181120190501-06.mkv,NO,4,4,SI,SI,1,3
config_1,yolo_models/yolo11tm.pt,station_models/stationv2.pt,0.35,0.4,1920,trackers/bytetrack.yaml,150,1,Ch1_20181024183846-01.mkv,NO,1,1,SI,SI,0,1
config_1,yolo_models/yolo11tm.pt,station_models/stationv2.pt,0.35,0.4,1920,trackers/bytetrack.yaml,150,1,Ch1_20181118133847-00.mkv,NO,1,1,SI,SI,0,1
config_1,yolo_models/yolo11tm.pt,station_models/stationv2.pt,0.35,0.4,1920,trackers/bytetrack.yaml,150,1,Ch2_20181019193929-02.mkv,NO,2,2,SI,SI,0,2
config_1,yolo_models/yolo11tm.pt,station_models/stationv2.pt,0.35,0.4,1920,trackers/bytetrack.yaml,150,1,Ch2_20181020193056-02.mkv,NO,1,1,SI,SI,0,1
config_1,yolo_models/yolo11tm.pt,station_models/stationv2.pt,0.35,0.4,1920,trackers/bytetrack.yaml,150,1,Ch2_20181118184542-07.mkv,NO,1,1,SI,SI,0,1
config_1,yolo_models/yolo11tm.pt,station_models/stationv2.pt,0.35,0.4,1920,trackers/bytetrack.yaml,150,1,Ch2_20181120133926-05.mkv,NO,0,0,NO,NO,0,0
config_1,yolo_models/yolo11tm.pt,station_models/stationv2.pt,0.35,0.4,1920,trackers/bytetrack.yaml,150,1,Ch1_20181022200756-02.mkv,NO,1,1,SI,SI,0,1
config_1,yolo_models/yolo11tm.pt,station_models/stationv2.pt,0.35,0.4,1920,trackers/bytetrack.yaml,150,1,Ch1_20181118171618-02.mkv,NO,1,1,SI,SI,0,1
config_1,yolo_models/yolo11tm.pt,station_models/stationv2.pt,0.35,0.4,1920,trackers/bytetrack.yaml,150,1,Ch1_20181120190501-09.mkv,YES,9,10,SI,SI,0,9
config_1,yolo_models/yolo11tm.pt,station_models/stationv2.pt,0.35,0.4,1920,trackers/bytetrack.yaml,150,1,Ch2_20181020194855-01.mkv,NO,1,1,SI,SI,0,1
config_1,yolo_models/yolo11tm.pt,station_models/stationv2.pt,0.35,0.4,1920,trackers/bytetrack.yaml,150,1,Ch1_20181118120820-00.mkv,NO,1,1,SI,SI,0,1
config_1,yolo_models/yolo11tm.pt,station_models/stationv2.pt,0.35,0.4,1920,trackers/bytetrack.yaml,150,1,Ch2_20181118182809-15.mkv,YES,1,1,SI,SI,0,1
config_1,yolo_models/yolo11tm.pt,station_models/stationv2.pt,0.35,0.4,1920,trackers/bytetrack.yaml,150,1,Ch2_20181019103718-00.mkv,NO,1,1,SI,SI,0,1
config_1,yolo_models/yolo11tm.pt,station_models/stationv2.pt,0.35,0.4,1920,trackers/bytetrack.yaml,150,1,Ch1_20181118141458-02.mkv,NO,0,0,NO,NO,0,0
config_1,yolo_models/yolo11tm.pt,station_models/stationv2.pt,0.35,0.4,1920,trackers/bytetrack.yaml,150,1,Ch1_20181022140651-00.mkv,NO,0,0,NO,NO,0,0
config_1,yolo_models/yolo11tm.pt,station_models/stationv2.pt,0.35,0.4,1920,trackers/bytetrack.yaml,150,1,Ch1_20181118195754-00.mkv,NO,0,0,NO,NO,0,0
config_1,yolo_models/yolo11tm.pt,station_models/stationv2.pt,0.35,0.4,1920,trackers/bytetrack.yaml,150,1,Ch2_20181118190343-08.mkv,NO,0,3,SI,NO,0,0
config_1,yolo_models/yolo11tm.pt,station_models/stationv2.pt,0.35,0.4,1920,trackers/bytetrack.yaml,150,1,Ch1_20181025085121-00.mkv,NO,2,2,SI,SI,0,2
config_1,yolo_models/yolo11tm.pt,station_models/stationv2.pt,0.35,0.4,1920,trackers/bytetrack.yaml,150,1,Ch2_20181119114129-03.mkv,YES,0,1,SI,NO,0,0
config_1,yolo_models/yolo11tm.pt,station_models/stationv2.pt,0.35,0.4,1920,trackers/bytetrack.yaml,150,1,Ch2_20181120124510-01.mkv,NO,0,2,SI,NO,0,0
config_1,yolo_models/yolo11tm.pt,station_models/stationv2.pt,0.35,0.4,1920,trackers/bytetrack.yaml,150,1,Ch1_20181022110554-00.mkv,NO,2,2,SI,SI,0,2
config_1,yolo_models/yolo11tm.pt,station_models/stationv2.pt,0.35,0.4,1920,trackers/bytetrack.yaml,150,1,Ch1_20181019124403-03.mkv,NO,3,3,SI,SI,1,2
config_1,yolo_models/yolo11tm.pt,station_models/stationv2.pt,0.35,0.4,1920,trackers/bytetrack.yaml,150,1,Ch1_20181120184700-08.mkv,YES,3,2,SI,SI,2,1
config_1,yolo_models/yolo11tm.pt,station_models/stationv2.pt,0.35,0.4,1920,trackers/bytetrack.yaml,150,1,Ch1_20181118054821-00.mkv,NO,0,0,NO,NO,0,0
config_1,yolo_models/yolo11tm.pt,station_models/stationv2.pt,0.35,0.4,1920,trackers/bytetrack.yaml,150,1,Ch2_20181019111329-03.mkv,NO,1,1,SI,SI,0,1
config_1,yolo_models/yolo11tm.pt,station_models/stationv2.pt,0.35,0.4,1920,trackers/bytetrack.yaml,150,1,Ch1_20181118203354-04.mkv,NO,1,0,NO,SI,0,1
config_1,yolo_models/yolo11tm.pt,station_models/stationv2.pt,0.35,0.4,1920,trackers/bytetrack.yaml,150,1,Ch2_20181118160343-03.mkv,NO,2,2,SI,SI,0,2
config_1,yolo_models/yolo11tm.pt,station_models/stationv2.pt,0.35,0.4,1920,trackers/bytetrack.yaml,150,1,Ch1_20181119123606-01.mkv,NO,1,1,SI,SI,0,1
config_1,yolo_models/yolo11tm.pt,station_models/stationv2.pt,0.35,0.4,1920,trackers/bytetrack.yaml,150,1,Ch1_20181121065255-00.mkv,NO,0,0,NO,NO,0,0
config_1,yolo_models/yolo11tm.pt,station_models/stationv2.pt,0.35,0.4,1920,trackers/bytetrack.yaml,150,1,Ch1_20181024172641-01.mkv,NO,0,0,NO,NO,0,0
config_1,yolo_models/yolo11tm.pt,station_models/stationv2.pt,0.35,0.4,1920,trackers/bytetrack.yaml,150,1,Ch1_20181019105530-02.mkv,NO,0,0,NO,NO,0,0
config_1,yolo_models/yolo11tm.pt,station_models/stationv2.pt,0.35,0.4,1920,trackers/bytetrack.yaml,150,1,Ch1_20181120113303-01.mkv,NO,1,1,SI,SI,1,0
config_1,yolo_models/yolo11tm.pt,station_models/stationv2.pt,0.35,0.4,1920,trackers/bytetrack.yaml,150,1,Ch2_20181023071952-00.mkv,NO,1,1,SI,SI,0,1
config_1,yolo_models/yolo11tm.pt,station_models/stationv2.pt,0.35,0.4,1920,trackers/bytetrack.yaml,150,1,Ch2_20181118171605-12.mkv,NO,3,3,SI,SI,0,3
config_1,yolo_models/yolo11tm.pt,station_models/stationv2.pt,0.35,0.4,1920,trackers/bytetrack.yaml,150,1,Ch1_20181118124447-02.mkv,YES,0,3,SI,NO,0,0
config_1,yolo_models/yolo11tm.pt,station_models/stationv2.pt,0.35,0.4,1920,trackers/bytetrack.yaml,150,1,Ch2_20181019160302-00.mkv,NO,0,0,NO,NO,0,0
config_1,yolo_models/yolo11tm.pt,station_models/stationv2.pt,0.35,0.4,1920,trackers/bytetrack.yaml,150,1,Ch1_20181119174321-01.mkv,NO,0,0,NO,NO,0,0
config_1,yolo_models/yolo11tm.pt,station_models/stationv2.pt,0.35,0.4,1920,trackers/bytetrack.yaml,150,1,Ch2_20181118075506-02.mkv,NO,1,1,SI,SI,0,1
config_1,yolo_models/yolo11tm.pt,station_models/stationv2.pt,0.35,0.4,1920,trackers/bytetrack.yaml,150,1,Ch1_20181023175312-01.mkv,NO,3,2,SI,SI,0,3
config_1,yolo_models/yolo11tm.pt,station_models/stationv2.pt,0.35,0.4,1920,trackers/bytetrack.yaml,150,1,Ch2_20181019103718-02.mkv,NO,0,0,NO,NO,0,0
config_1,yolo_models/yolo11tm.pt,station_models/stationv2.pt,0.35,0.4,1920,trackers/bytetrack.yaml,150,1,Ch1_20181119052140-03.mkv,NO,0,0,NO,NO,0,0
config_1,yolo_models/yolo11tm.pt,station_models/stationv2.pt,0.35,0.4,1920,trackers/bytetrack.yaml,150,1,Ch1_20181024161417-01.mkv,NO,1,2,SI,SI,1,0
config_1,yolo_models/yolo11tm.pt,station_models/stationv2.pt,0.35,0.4,1920,trackers/bytetrack.yaml,150,1,Ch1_20181120113303-00.mkv,NO,2,2,SI,SI,0,2
config_1,yolo_models/yolo11tm.pt,station_models/stationv2.pt,0.35,0.4,1920,trackers/bytetrack.yaml,150,1,Ch1_20181019071815-00.mkv,YES,1,0,NO,SI,0,1
config_1,yolo_models/yolo11tm.pt,station_models/stationv2.pt,0.35,0.4,1920,trackers/bytetrack.yaml,150,1,Ch2_20181118163954-01.mkv,NO,2,2,SI,SI,0,2
config_1,yolo_models/yolo11tm.pt,station_models/stationv2.pt,0.35,0.4,1920,trackers/bytetrack.yaml,150,1,Ch2_20181119123547-02.mkv,NO,2,2,SI,SI,0,2
config_1,yolo_models/yolo11tm.pt,station_models/stationv2.pt,0.35,0.4,1920,trackers/bytetrack.yaml,150,1,Ch2_20181118182809-02.mkv,NO,1,2,SI,SI,0,1
config_1,yolo_models/yolo11tm.pt,station_models/stationv2.pt,0.35,0.4,1920,trackers/bytetrack.yaml,150,1,Ch2_20181120075535-01.mkv,NO,0,0,NO,NO,0,0
config_1,yolo_models/yolo11tm.pt,station_models/stationv2.pt,0.35,0.4,1920,trackers/bytetrack.yaml,150,1,Ch1_20181118132058-02.mkv,NO,1,1,SI,SI,1,0
config_1,yolo_models/yolo11tm.pt,station_models/stationv2.pt,0.35,0.4,1920,trackers/bytetrack.yaml,150,1,Ch1_20181022134845-00.mkv,NO,2,2,SI,SI,0,2
config_1,yolo_models/yolo11tm.pt,station_models/stationv2.pt,0.35,0.4,1920,trackers/bytetrack.yaml,150,1,Ch2_20181118060613-03.mkv,NO,0,1,SI,NO,0,0
config_1,yolo_models/yolo11tm.pt,station_models/stationv2.pt,0.35,0.4,1920,trackers/bytetrack.yaml,150,1,Ch1_20181022200756-00.mkv,NO,1,1,SI,SI,0,1
config_1,yolo_models/yolo11tm.pt,station_models/stationv2.pt,0.35,0.4,1920,trackers/bytetrack.yaml,150,1,Ch2_20181022181948-01.mkv,NO,1,1,SI,SI,0,1
config_1,yolo_models/yolo11tm.pt,station_models/stationv2.pt,0.35,0.4,1920,trackers/bytetrack.yaml,150,1,Ch1_20181118203354-05.mkv,NO,0,1,SI,NO,0,0
config_1,yolo_models/yolo11tm.pt,station_models/stationv2.pt,0.35,0.4,1920,trackers/bytetrack.yaml,150,1,Ch2_20181118073640-00.mkv,NO,0,0,NO,NO,0,0
config_1,yolo_models/yolo11tm.pt,station_models/stationv2.pt,0.35,0.4,1920,trackers/bytetrack.yaml,150,1,Ch2_20181019060549-00.mkv,NO,0,0,NO,NO,0,0
config_1,yolo_models/yolo11tm.pt,station_models/stationv2.pt,0.35,0.4,1920,trackers/bytetrack.yaml,150,1,Ch1_20181118051222-00.mkv,NO,0,0,NO,NO,0,0
config_1,yolo_models/yolo11tm.pt,station_models/stationv2.pt,0.35,0.4,1920,trackers/bytetrack.yaml,150,1,Ch2_20181118081251-00.mkv,NO,0,4,SI,NO,0,0
config_1,yolo_models/yolo11tm.pt,station_models/stationv2.pt,0.35,0.4,1920,trackers/bytetrack.yaml,150,1,Ch1_20181119134810-03.mkv,NO,1,1,SI,SI,0,1
config_1,yolo_models/yolo11tm.pt,station_models/stationv2.pt,0.35,0.4,1920,trackers/bytetrack.yaml,150,1,Ch2_20181118162149-11.mkv,NO,1,1,SI,SI,0,1
config_1,yolo_models/yolo11tm.pt,station_models/stationv2.pt,0.35,0.4,1920,trackers/bytetrack.yaml,150,1,Ch2_20181118060613-05.mkv,NO,0,1,SI,NO,0,0
config_1,yolo_models/yolo11tm.pt,station_models/stationv2.pt,0.35,0.4,1920,trackers/bytetrack.yaml,150,1,Ch1_20181120181100-02.mkv,YES,1,0,NO,SI,0,1
config_1,yolo_models/yolo11tm.pt,station_models/stationv2.pt,0.35,0.4,1920,trackers/bytetrack.yaml,150,1,Ch2_20181118190343-06.mkv,NO,0,1,SI,NO,0,0
config_1,yolo_models/yolo11tm.pt,station_models/stationv2.pt,0.35,0.4,1920,trackers/bytetrack.yaml,150,1,Ch1_20181118205155-01.mkv,NO,1,1,SI,SI,0,1
config_1,yolo_models/yolo11tm.pt,station_models/stationv2.pt,0.35,0.4,1920,trackers/bytetrack.yaml,150,1,Ch1_20181019105530-01.mkv,NO,0,0,NO,NO,0,0
config_1,yolo_models/yolo11tm.pt,station_models/stationv2.pt,0.35,0.4,1920,trackers/bytetrack.yaml,150,1,Ch1_20181023071959-03.mkv,NO,1,1,SI,SI,0,1
config_1,yolo_models/yolo11tm.pt,station_models/stationv2.pt,0.35,0.4,1920,trackers/bytetrack.yaml,150,1,Ch2_20181120135734-00.mkv,NO,0,0,NO,NO,0,0
config_1,yolo_models/yolo11tm.pt,station_models/stationv2.pt,0.35,0.4,1920,trackers/bytetrack.yaml,150,1,Ch1_20181024163223-00.mkv,YES,2,1,SI,SI,1,1
config_1,yolo_models/yolo11tm.pt,station_models/stationv2.pt,0.35,0.4,1920,trackers/bytetrack.yaml,150,1,Ch1_20181023171710-00.mkv,NO,0,0,NO,NO,0,0
config_1,yolo_models/yolo11tm.pt,station_models/stationv2.pt,0.35,0.4,1920,trackers/bytetrack.yaml,150,1,Ch1_20181119115932-07.mkv,NO,1,1,SI,SI,0,1
config_1,yolo_models/yolo11tm.pt,station_models/stationv2.pt,0.35,0.4,1920,trackers/bytetrack.yaml,150,1,Ch2_20181119123547-00.mkv,NO,0,1,SI,NO,0,0
config_1,yolo_models/yolo11tm.pt,station_models/stationv2.pt,0.35,0.4,1920,trackers/bytetrack.yaml,150,1,Ch1_20181118171618-03.mkv,NO,1,2,SI,SI,0,1
config_1,yolo_models/yolo11tm.pt,station_models/stationv2.pt,0.35,0.4,1920,trackers/bytetrack.yaml,150,1,Ch1_20181023073805-02.mkv,NO,5,4,SI,SI,1,4
config_1,yolo_models/yolo11tm.pt,station_models/stationv2.pt,0.35,0.4,1920,trackers/bytetrack.yaml,150,1,Ch2_20181118122633-04.mkv,NO,1,1,SI,SI,0,1
config_1,yolo_models/yolo11tm.pt,station_models/stationv2.pt,0.35,0.4,1920,trackers/bytetrack.yaml,150,1,Ch1_20181118051222-01.mkv,NO,0,0,NO,NO,0,0
config_1,yolo_models/yolo11tm.pt,station_models/stationv2.pt,0.35,0.4,1920,trackers/bytetrack.yaml,150,1,Ch2_20181118122633-02.mkv,NO,3,3,SI,SI,0,3
config_1,yolo_models/yolo11tm.pt,station_models/stationv2.pt,0.35,0.4,1920,trackers/bytetrack.yaml,150,1,Ch2_20181020191257-01.mkv,NO,3,3,SI,SI,0,3
config_1,yolo_models/yolo11tm.pt,station_models/stationv2.pt,0.35,0.4,1920,trackers/bytetrack.yaml,150,1,Ch1_20181022131234-00.mkv,NO,1,1,SI,SI,1,0
config_1,yolo_models/yolo11tm.pt,station_models/stationv2.pt,0.35,0.4,1920,trackers/bytetrack.yaml,150,1,Ch1_20181118124447-01.mkv,NO,0,0,NO,NO,0,0
config_1,yolo_models/yolo11tm.pt,station_models/stationv2.pt,0.35,0.4,1920,trackers/bytetrack.yaml,150,1,Ch1_20181118081306-00.mkv,NO,0,0,NO,NO,0,0
config_1,yolo_models/yolo11tm.pt,station_models/stationv2.pt,0.35,0.4,1920,trackers/bytetrack.yaml,150,1,Ch2_20181120092609-05.mkv,NO,0,3,SI,NO,0,0
config_1,yolo_models/yolo11tm.pt,station_models/stationv2.pt,0.35,0.4,1920,trackers/bytetrack.yaml,150,1,Ch1_20181118053021-03.mkv,NO,0,0,NO,NO,0,0
config_1,yolo_models/yolo11tm.pt,station_models/stationv2.pt,0.35,0.4,1920,trackers/bytetrack.yaml,150,1,Ch2_20181019113135-00.mkv,NO,0,0,NO,NO,0,0
config_1,yolo_models/yolo11tm.pt,station_models/stationv2.pt,0.35,0.4,1920,trackers/bytetrack.yaml,150,1,Ch1_20181118192154-00.mkv,NO,1,1,SI,SI,0,1
config_1,yolo_models/yolo11tm.pt,station_models/stationv2.pt,0.35,0.4,1920,trackers/bytetrack.yaml,150,1,Ch1_20181120194059-09.mkv,NO,4,4,SI,SI,0,4
config_1,yolo_models/yolo11tm.pt,station_models/stationv2.pt,0.35,0.4,1920,trackers/bytetrack.yaml,150,1,Ch2_20181019101913-00.mkv,NO,0,0,NO,NO,0,0
config_1,yolo_models/yolo11tm.pt,station_models/stationv2.pt,0.35,0.4,1920,trackers/bytetrack.yaml,150,1,Ch1_20181118071905-00.mkv,NO,1,1,SI,SI,0,1
config_1,yolo_models/yolo11tm.pt,station_models/stationv2.pt,0.35,0.4,1920,trackers/bytetrack.yaml,150,1,Ch1_20181024080542-00.mkv,NO,1,1,SI,SI,0,1
config_1,yolo_models/yolo11tm.pt,station_models/stationv2.pt,0.35,0.4,1920,trackers/bytetrack.yaml,150,1,Ch1_20181118115030-00.mkv,NO,1,1,SI,SI,1,0
config_1,yolo_models/yolo11tm.pt,station_models/stationv2.pt,0.35,0.4,1920,trackers/bytetrack.yaml,150,1,Ch1_20181019124403-00.mkv,NO,4,2,SI,SI,0,4
config_1,yolo_models/yolo11tm.pt,station_models/stationv2.pt,0.35,0.4,1920,trackers/bytetrack.yaml,150,1,Ch2_20181119074615-00.mkv,NO,1,0,NO,SI,1,0
config_1,yolo_models/yolo11tm.pt,station_models/stationv2.pt,0.35,0.4,1920,trackers/bytetrack.yaml,150,1,Ch1_20181120182859-03.mkv,NO,2,1,SI,SI,0,2
config_1,yolo_models/yolo11tm.pt,station_models/stationv2.pt,0.35,0.4,1920,trackers/bytetrack.yaml,150,1,Ch1_20181024063514-02.mkv,NO,1,1,SI,SI,1,0
config_1,yolo_models/yolo11tm.pt,station_models/stationv2.pt,0.35,0.4,1920,trackers/bytetrack.yaml,150,1,Ch1_20181118165748-09.mkv,NO,0,0,NO,NO,0,0
config_1,yolo_models/yolo11tm.pt,station_models/stationv2.pt,0.35,0.4,1920,trackers/bytetrack.yaml,150,1,Ch1_20181119104708-01.mkv,NO,2,1,SI,SI,0,2
config_1,yolo_models/yolo11tm.pt,station_models/stationv2.pt,0.35,0.4,1920,trackers/bytetrack.yaml,150,1,Ch1_20181024202641-00.mkv,NO,1,1,SI,SI,0,1
config_1,yolo_models/yolo11tm.pt,station_models/stationv2.pt,0.35,0.4,1920,trackers/bytetrack.yaml,150,1,Ch2_20181019090649-01.mkv,NO,0,0,NO,NO,0,0
config_1,yolo_models/yolo11tm.pt,station_models/stationv2.pt,0.35,0.4,1920,trackers/bytetrack.yaml,150,1,Ch2_20181022211941-00.mkv,NO,1,1,SI,SI,0,1
config_1,yolo_models/yolo11tm.pt,station_models/stationv2.pt,0.35,0.4,1920,trackers/bytetrack.yaml,150,1,Ch1_20181120181100-04.mkv,NO,1,1,SI,SI,0,1
config_1,yolo_models/yolo11tm.pt,station_models/stationv2.pt,0.35,0.4,1920,trackers/bytetrack.yaml,150,1,Ch1_20181023062541-01.mkv,NO,1,1,SI,SI,0,1
config_1,yolo_models/yolo11tm.pt,station_models/stationv2.pt,0.35,0.4,1920,trackers/bytetrack.yaml,150,1,Ch2_20181020204255-00.mkv,NO,2,1,SI,SI,1,1
config_1,yolo_models/yolo11tm.pt,station_models/stationv2.pt,0.35,0.4,1920,trackers/bytetrack.yaml,150,1,Ch1_20181121065255-02.mkv,NO,0,0,NO,NO,0,0
config_1,yolo_models/yolo11tm.pt,station_models/stationv2.pt,0.35,0.4,1920,trackers/bytetrack.yaml,150,1,Ch2_20181019141425-00.mkv,NO,0,0,NO,NO,0,0
config_1,yolo_models/yolo11tm.pt,station_models/stationv2.pt,0.35,0.4,1920,trackers/bytetrack.yaml,150,1,Ch1_20181119133004-07.mkv,NO,0,0,NO,NO,0,0
config_1,yolo_models/yolo11tm.pt,station_models/stationv2.pt,0.35,0.4,1920,trackers/bytetrack.yaml,150,1,Ch2_20181120124510-00.mkv,NO,0,1,SI,NO,0,0
config_1,yolo_models/yolo11tm.pt,station_models/stationv2.pt,0.35,0.4,1920,trackers/bytetrack.yaml,150,1,Ch1_20181119140615-00.mkv,NO,1,1,SI,SI,0,1
config_1,yolo_models/yolo11tm.pt,station_models/stationv2.pt,0.35,0.4,1920,trackers/bytetrack.yaml,150,1,Ch2_20181118113214-02.mkv,NO,2,2,SI,SI,0,2
config_1,yolo_models/yolo11tm.pt,station_models/stationv2.pt,0.35,0.4,1920,trackers/bytetrack.yaml,150,1,Ch2_20181118192142-11.mkv,NO,0,2,SI,NO,0,0
config_1,yolo_models/yolo11tm.pt,station_models/stationv2.pt,0.35,0.4,1920,trackers/bytetrack.yaml,150,1,Ch2_20181118171605-13.mkv,NO,2,2,SI,SI,1,1
config_1,yolo_models/yolo11tm.pt,station_models/stationv2.pt,0.35,0.4,1920,trackers/bytetrack.yaml,150,1,Ch2_20181019111329-02.mkv,NO,0,0,NO,NO,0,0
config_1,yolo_models/yolo11tm.pt,station_models/stationv2.pt,0.35,0.4,1920,trackers/bytetrack.yaml,150,1,Ch1_20181118145109-00.mkv,NO,1,1,SI,SI,0,1
config_1,yolo_models/yolo11tm.pt,station_models/stationv2.pt,0.35,0.4,1920,trackers/bytetrack.yaml,150,1,Ch2_20181118184542-02.mkv,NO,0,1,SI,NO,0,0
config_1,yolo_models/yolo11tm.pt,station_models/stationv2.pt,0.35,0.4,1920,trackers/bytetrack.yaml,150,1,Ch1_20181120111457-02.mkv,NO,1,1,SI,SI,0,1
config_1,yolo_models/yolo11tm.pt,station_models/stationv2.pt,0.35,0.4,1920,trackers/bytetrack.yaml,150,1,Ch2_20181019101913-03.mkv,NO,1,1,SI,SI,1,0
config_1,yolo_models/yolo11tm.pt,station_models/stationv2.pt,0.35,0.4,1920,trackers/bytetrack.yaml,150,1,Ch1_20181019111335-00.mkv,NO,2,2,SI,SI,0,2
config_1,yolo_models/yolo11tm.pt,station_models/stationv2.pt,0.35,0.4,1920,trackers/bytetrack.yaml,150,1,Ch2_20181120133926-06.mkv,NO,0,0,NO,NO,0,0
config_1,yolo_models/yolo11tm.pt,station_models/stationv2.pt,0.35,0.4,1920,trackers/bytetrack.yaml,150,1,Ch2_20181118092513-00.mkv,NO,1,1,SI,SI,0,1
config_1,yolo_models/yolo11tm.pt,station_models/stationv2.pt,0.35,0.4,1920,trackers/bytetrack.yaml,150,1,Ch2_20181019171526-01.mkv,NO,0,0,NO,NO,0,0
config_1,yolo_models/yolo11tm.pt,station_models/stationv2.pt,0.35,0.4,1920,trackers/bytetrack.yaml,150,1,Ch2_20181118182809-04.mkv,NO,2,2,SI,SI,0,2
config_1,yolo_models/yolo11tm.pt,station_models/stationv2.pt,0.35,0.4,1920,trackers/bytetrack.yaml,150,1,Ch2_20181120092609-04.mkv,YES,1,0,NO,SI,0,1
config_1,yolo_models/yolo11tm.pt,station_models/stationv2.pt,0.35,0.4,1920,trackers/bytetrack.yaml,150,1,Ch1_20181118075516-00.mkv,NO,1,1,SI,SI,0,1
config_1,yolo_models/yolo11tm.pt,station_models/stationv2.pt,0.35,0.4,1920,trackers/bytetrack.yaml,150,1,Ch2_20181119161256-02.mkv,NO,6,5,SI,SI,1,5
config_1,yolo_models/yolo11tm.pt,station_models/stationv2.pt,0.35,0.4,1920,trackers/bytetrack.yaml,150,1,Ch2_20181019143232-03.mkv,NO,0,0,NO,NO,0,0
config_1,yolo_models/yolo11tm.pt,station_models/stationv2.pt,0.35,0.4,1920,trackers/bytetrack.yaml,150,1,Ch1_20181118163943-01.mkv,NO,0,0,NO,NO,0,0
config_1,yolo_models/yolo11tm.pt,station_models/stationv2.pt,0.35,0.4,1920,trackers/bytetrack.yaml,150,1,Ch2_20181118130246-04.mkv,NO,2,1,SI,SI,0,2
config_1,yolo_models/yolo11tm.pt,station_models/stationv2.pt,0.35,0.4,1920,trackers/bytetrack.yaml,150,1,Ch1_20181023203506-00.mkv,NO,0,0,NO,NO,0,0
config_1,yolo_models/yolo11tm.pt,station_models/stationv2.pt,0.35,0.4,1920,trackers/bytetrack.yaml,150,1,Ch1_20181119080418-01.mkv,NO,0,0,NO,NO,0,0
config_1,yolo_models/yolo11tm.pt,station_models/stationv2.pt,0.35,0.4,1920,trackers/bytetrack.yaml,150,1,Ch2_20181019165721-00.mkv,NO,0,0,NO,NO,0,0
config_1,yolo_models/yolo11tm.pt,station_models/stationv2.pt,0.35,0.4,1920,trackers/bytetrack.yaml,150,1,Ch1_20181023070154-00.mkv,NO,1,1,SI,SI,0,1
config_1,yolo_models/yolo11tm.pt,station_models/stationv2.pt,0.35,0.4,1920,trackers/bytetrack.yaml,150,1,Ch1_20181121065255-01.mkv,NO,1,0,NO,SI,1,0
config_1,yolo_models/yolo11tm.pt,station_models/stationv2.pt,0.35,0.4,1920,trackers/bytetrack.yaml,150,1,Ch1_20181119050339-00.mkv,NO,0,0,NO,NO,0,0
config_1,yolo_models/yolo11tm.pt,station_models/stationv2.pt,0.35,0.4,1920,trackers/bytetrack.yaml,150,1,Ch1_20181024140738-03.mkv,NO,2,2,SI,SI,2,0
config_1,yolo_models/yolo11tm.pt,station_models/stationv2.pt,0.35,0.4,1920,trackers/bytetrack.yaml,150,1,Ch2_20181020084001-00.mkv,NO,2,1,SI,SI,0,2
config_1,yolo_models/yolo11tm.pt,station_models/stationv2.pt,0.35,0.4,1920,trackers/bytetrack.yaml,150,1,Ch1_20181118175157-07.mkv,NO,2,2,SI,SI,0,2
config_1,yolo_models/yolo11tm.pt,station_models/stationv2.pt,0.35,0.4,1920,trackers/bytetrack.yaml,150,1,Ch2_20181118163954-03.mkv,NO,1,1,SI,SI,0,1
config_1,yolo_models/yolo11tm.pt,station_models/stationv2.pt,0.35,0.4,1920,trackers/bytetrack.yaml,150,1,Ch1_20181119134810-04.mkv,NO,1,1,SI,SI,0,1
config_1,yolo_models/yolo11tm.pt,station_models/stationv2.pt,0.35,0.4,1920,trackers/bytetrack.yaml,150,1,Ch2_20181019190329-00.mkv,NO,0,0,NO,NO,0,0
config_1,yolo_models/yolo11tm.pt,station_models/stationv2.pt,0.35,0.4,1920,trackers/bytetrack.yaml,150,1,Ch2_20181019154456-02.mkv,NO,0,0,NO,NO,0,0
config_1,yolo_models/yolo11tm.pt,station_models/stationv2.pt,0.35,0.4,1920,trackers/bytetrack.yaml,150,1,Ch1_20181023083221-00.mkv,NO,1,1,SI,SI,1,0
config_1,yolo_models/yolo11tm.pt,station_models/stationv2.pt,0.35,0.4,1920,trackers/bytetrack.yaml,150,1,Ch1_20181119133004-02.mkv,NO,1,3,SI,SI,0,1
config_1,yolo_models/yolo11tm.pt,station_models/stationv2.pt,0.35,0.4,1920,trackers/bytetrack.yaml,150,1,Ch2_20181118182809-09.mkv,NO,9,8,SI,SI,1,8
config_1,yolo_models/yolo11tm.pt,station_models/stationv2.pt,0.35,0.4,1920,trackers/bytetrack.yaml,150,1,Ch1_20181119114127-00.mkv,NO,4,3,SI,SI,0,4
config_1,yolo_models/yolo11tm.pt,station_models/stationv2.pt,0.35,0.4,1920,trackers/bytetrack.yaml,150,1,Ch2_20181118184607-11.mkv,YES,1,1,SI,SI,0,1
config_1,yolo_models/yolo11tm.pt,station_models/stationv2.pt,0.35,0.4,1920,trackers/bytetrack.yaml,150,1,Ch2_20181020074545-00.mkv,NO,0,0,NO,NO,0,0
config_1,yolo_models/yolo11tm.pt,station_models/stationv2.pt,0.35,0.4,1920,trackers/bytetrack.yaml,150,1,Ch2_20181019143232-02.mkv,NO,0,0,NO,NO,0,0
config_1,yolo_models/yolo11tm.pt,station_models/stationv2.pt,0.35,0.4,1920,trackers/bytetrack.yaml,150,1,Ch1_20181024170834-01.mkv,YES,1,1,SI,SI,0,1
config_1,yolo_models/yolo11tm.pt,station_models/stationv2.pt,0.35,0.4,1920,trackers/bytetrack.yaml,150,1,Ch2_20181118160343-05.mkv,YES,1,1,SI,SI,0,1
config_1,yolo_models/yolo11tm.pt,station_models/stationv2.pt,0.35,0.4,1920,trackers/bytetrack.yaml,150,1,Ch2_20181118163954-07.mkv,YES,1,0,NO,SI,0,1
config_1,yolo_models/yolo11tm.pt,station_models/stationv2.pt,0.35,0.4,1920,trackers/bytetrack.yaml,150,1,Ch1_20181118171618-04.mkv,NO,1,1,SI,SI,0,1
config_1,yolo_models/yolo11tm.pt,station_models/stationv2.pt,0.35,0.4,1920,trackers/bytetrack.yaml,150,1,Ch2_20181020101029-00.mkv,NO,1,1,SI,SI,0,1
config_1,yolo_models/yolo11tm.pt,station_models/stationv2.pt,0.35,0.4,1920,trackers/bytetrack.yaml,150,1,Ch2_20181019150845-00.mkv,NO,1,1,SI,SI,0,1
config_1,yolo_models/yolo11tm.pt,station_models/stationv2.pt,0.35,0.4,1920,trackers/bytetrack.yaml,150,1,Ch1_20181119115932-10.mkv,NO,1,1,SI,SI,0,1
config_1,yolo_models/yolo11tm.pt,station_models/stationv2.pt,0.35,0.4,1920,trackers/bytetrack.yaml,150,1,Ch1_20181118154526-00.mkv,NO,0,1,SI,NO,0,0
config_1,yolo_models/yolo11tm.pt,station_models/stationv2.pt,0.35,0.4,1920,trackers/bytetrack.yaml,150,1,Ch2_20181118115020-01.mkv,NO,1,1,SI,SI,0,1
config_1,yolo_models/yolo11tm.pt,station_models/stationv2.pt,0.35,0.4,1920,trackers/bytetrack.yaml,150,1,Ch1_20181118181020-02.mkv,NO,1,1,SI,SI,1,0
config_1,yolo_models/yolo11tm.pt,station_models/stationv2.pt,0.35,0.4,1920,trackers/bytetrack.yaml,150,1,Ch2_20181118094319-00.mkv,NO,0,0,NO,NO,0,0
config_1,yolo_models/yolo11tm.pt,station_models/stationv2.pt,0.35,0.4,1920,trackers/bytetrack.yaml,150,1,Ch1_20181118225749-00.mkv,NO,0,0,NO,NO,0,0
config_1,yolo_models/yolo11tm.pt,station_models/stationv2.pt,0.35,0.4,1920,trackers/bytetrack.yaml,150,1,Ch1_20181119134810-08.mkv,NO,2,2,SI,SI,0,2
config_1,yolo_models/yolo11tm.pt,station_models/stationv2.pt,0.35,0.4,1920,trackers/bytetrack.yaml,150,1,Ch1_20181118122641-06.mkv,NO,2,2,SI,SI,0,2
config_1,yolo_models/yolo11tm.pt,station_models/stationv2.pt,0.35,0.4,1920,trackers/bytetrack.yaml,150,1,Ch1_20181023190508-01.mkv,NO,1,1,SI,SI,0,1
config_1,yolo_models/yolo11tm.pt,station_models/stationv2.pt,0.35,0.4,1920,trackers/bytetrack.yaml,150,1,Ch2_20181118130246-02.mkv,NO,0,0,NO,NO,0,0
config_1,yolo_models/yolo11tm.pt,station_models/stationv2.pt,0.35,0.4,1920,trackers/bytetrack.yaml,150,1,Ch1_20181119151839-05.mkv,NO,1,1,SI,SI,0,1
config_1,yolo_models/yolo11tm.pt,station_models/stationv2.pt,0.35,0.4,1920,trackers/bytetrack.yaml,150,1,Ch1_20181118083111-00.mkv,NO,0,0,NO,NO,0,0
config_1,yolo_models/yolo11tm.pt,station_models/stationv2.pt,0.35,0.4,1920,trackers/bytetrack.yaml,150,1,Ch1_20181119133004-00.mkv,NO,3,5,SI,SI,0,3
config_1,yolo_models/yolo11tm.pt,station_models/stationv2.pt,0.35,0.4,1920,trackers/bytetrack.yaml,150,1,Ch2_20181022072827-00.mkv,NO,1,1,SI,SI,0,1
config_1,yolo_models/yolo11tm.pt,station_models/stationv2.pt,0.35,0.4,1920,trackers/bytetrack.yaml,150,1,Ch1_20181119133004-03.mkv,NO,1,1,SI,SI,0,1
